english,chinese,pos,example,tags
abate,"减弱; 减少",verb,"By late afternoon the storm had begun to abate, and the stranded hikers finally felt safe enough to descend.",gre;starter
aberrant,"异常的; 偏离常规的",adjective,"Because one sensor kept producing aberrant readings far outside the normal range, the engineers excluded it from the final analysis.",gre;starter
acumen,"敏锐; 洞察力",noun,"Her business acumen let her spot the struggling firm's hidden value long before rival investors noticed anything unusual.",gre;starter
admonish,"告诫; 责备",verb,"The professor admonished the students for citing unreliable websites and warned that future papers would be graded more strictly.",gre;starter
alacrity,"欣然; 敏捷",noun,"Eager to prove herself, the new intern accepted every extra assignment with an alacrity that surprised her weary colleagues.",gre;starter
ambivalent,"矛盾的; 犹豫不决的",adjective,"Torn between the prestige of the offer and the long commute it required, he remained ambivalent for weeks.",gre;starter
ameliorate,"改善; 改良",verb,"The city hoped that adding express bus lanes would ameliorate the traffic congestion that had plagued commuters for years.",gre;starter
anachronistic,"时代错误的; 过时的",adjective,"A wristwatch glimpsed on a Roman soldier made the historical film look embarrassingly anachronistic to careful viewers.",gre;starter
anomaly,"异常; 反常现象",noun,"A single warm winter is an anomaly, but decades of rising temperatures reveal a pattern that scientists cannot ignore.",gre;starter
antipathy,"反感; 厌恶",noun,"Her antipathy toward flattery was so strong that she distrusted anyone who praised her work too eagerly.",gre;starter
apathy,"冷漠; 缺乏兴趣",noun,"Voter apathy was so widespread that fewer than a third of eligible citizens bothered to cast a ballot.",gre;starter
arduous,"艰难的; 费力的",adjective,"After an arduous climb through snow and thin air, the exhausted team finally reached the summit at dawn.",gre;starter
assuage,"平息(情绪); 缓和",verb,"The airline offered free hotel rooms to assuage the anger of passengers whose flights had been canceled.",gre;starter
audacious,"大胆的; 鲁莽的",adjective,"Launching a rival company with no funding and no customers was an audacious move that few advisers would recommend.",gre;starter
austere,"朴素的; 严厉的",adjective,"The monks lived in austere cells furnished with nothing but a narrow bed, a wooden chair and a candle.",gre;starter
bolster,"支持; 加强",verb,"The researchers ran a second, larger study to bolster their claim, since a single small sample convinced few reviewers.",gre;starter
candid,"坦率的; 直言不讳的",adjective,"Rather than offering polite praise, the mentor gave a candid assessment of the many weaknesses in the manuscript.",gre;starter
capricious,"反复无常的; 任性的",adjective,"Employees grew anxious under the capricious manager, who praised a plan one day and angrily rejected it the next.",gre;starter
lucid,"清晰的; 明白易懂的",adjective,"Her lucid explanation of the theory made a notoriously confusing topic easy for first-year students to follow.",gre;starter
mitigate,"降低(风险、危害); 减轻",verb,"Planting trees along the riverbank can mitigate flooding by slowing the runoff before it reaches nearby homes.",gre;starter
obdurate,"固执的; 顽固的",adjective,"Despite tearful pleas from his family, the obdurate old man refused to reconsider his decision to sell the farm.",gre;starter
opaque,"不透明的; 难懂的",adjective,"The contract's language was so opaque that even experienced lawyers struggled to determine what it actually required.",gre;starter
ostensible,"表面上的; 声称的",adjective,"The ostensible purpose of the trip was research, but the delegation spent most of its time sightseeing.",gre;starter
paradigm,"范例; 模式",noun,"Einstein did not merely refine Newtonian physics; he replaced the reigning paradigm with an entirely new framework.",gre;starter
parsimonious,"吝啬的; (模型)简约的",adjective,"Scientists often prefer the parsimonious explanation, the one that accounts for the data with the fewest assumptions.",gre;starter
pedantic,"卖弄学问的; 迂腐的",adjective,"His pedantic insistence on correcting every minor grammatical slip made casual conversation with him exhausting.",gre;starter
perfunctory,"敷衍的; 草率的",adjective,"The guard gave our passports only a perfunctory glance before waving us through without a single question.",gre;starter
pervasive,"普遍存在的; 弥漫的",adjective,"The smell of smoke was so pervasive after the fire that it lingered in every room for months.",gre;starter
placate,"安抚; 平息",verb,"To placate the furious customers, the manager offered full refunds and a sincere public apology.",gre;starter
plausible,"貌似可信的; 合理的",adjective,"Although the suspect's alibi sounded plausible at first, investigators soon found several details that did not fit.",gre;starter
pragmatic,"务实的; 实际的",adjective,"Instead of insisting on an ideal solution, the pragmatic mayor accepted a modest compromise that could actually pass.",gre;starter
precipitate,"促成; 使突然发生",verb,"The sudden collapse of a major bank helped precipitate a crisis that spread rapidly through global markets.",gre;starter
prodigal,"挥霍的; 浪费的",adjective,"The prodigal heir spent his entire inheritance on lavish parties within three years, leaving nothing for the future.",gre;starter
prolific,"多产的; 丰富的",adjective,"A remarkably prolific author, she published more than sixty novels during a career spanning five decades.",gre;starter
prosaic,"平淡无奇的; 乏味的",adjective,"Fans expecting a dramatic explanation were disappointed by the prosaic truth: the mysterious lights came from a parking lot.",gre;starter
quixotic,"不切实际的; 空想的",adjective,"His quixotic plan to end world hunger with a single backyard garden charmed his friends but convinced no investors.",gre;starter
recalcitrant,"不服从的; 顽抗的",adjective,"The teacher tried rewards and punishments alike, but the recalcitrant pupil continued to ignore every classroom rule.",gre;starter
reticent,"沉默的; 不愿透露的",adjective,"Usually reticent about her private life, the actress surprised reporters by speaking openly about her childhood.",gre;starter
salient,"显著的; 突出的",adjective,"The lawyer summarized only the salient facts, leaving out minor details that would have distracted the jury.",gre;starter
sanction,"批准; 制裁",noun,"Without the official sanction of the committee, the club could not legally hold its fundraising event on campus.",gre;starter
scrupulous,"严谨的; 一丝不苟的",adjective,"A scrupulous accountant, she checked every receipt twice and refused to round any figure in the company's favor.",gre;starter
sporadic,"零星的; 偶发的",adjective,"Fighting in the region was sporadic, with long quiet weeks interrupted by sudden brief clashes.",gre;starter
spurious,"虚假的; 伪造的",adjective,"The study's dramatic conclusion turned out to be spurious, resting on a statistical error rather than real evidence.",gre;starter
stolid,"冷静的; 不动感情的",adjective,"While the audience gasped at the shocking verdict, the stolid defendant showed no emotion whatsoever.",gre;starter
substantiate,"证实; 证明",verb,"Reporters refused to publish the rumor until at least two independent sources could substantiate it with documents.",gre;starter
succinct,"简洁的; 简明的",adjective,"Asked to explain the delay, the engineer gave a succinct answer of one sentence that covered every key point.",gre;starter
tenacious,"坚韧的; 固执的",adjective,"The tenacious detective kept investigating the cold case for twenty years until she finally identified the culprit.",gre;starter
truculent,"好斗的; 粗暴的",adjective,"The truculent fan shoved other spectators and shouted insults until security escorted him out of the stadium.",gre;starter
ubiquitous,"无处不在的",adjective,"Once a rare luxury, smartphones have become so ubiquitous that it is hard to find a commuter without one.",gre;starter
vacillate,"犹豫; 摇摆不定",verb,"The committee continued to vacillate between the two proposals, changing its mind at every meeting for months.",gre;starter
venerate,"尊敬; 崇敬",verb,"Many cultures venerate their elders, treating the oldest members of the community with deep respect.",gre;starter
verbose,"冗长的; 啰嗦的",adjective,"The verbose report ran to three hundred pages, though its main findings could have fit on a single page.",gre;starter
vindicate,"证明无辜; 证明正确",verb,"The discovery of new fossils seemed to vindicate the scientist whose unpopular theory had been mocked for decades.",gre;starter
volatile,"易变的; 不稳定的",adjective,"Investors fled the volatile market, where prices could soar in the morning and crash by the afternoon.",gre;starter
wary,"谨慎的; 警惕的",adjective,"Having been cheated before, the shopkeeper was wary of strangers offering deals that seemed too good to be true.",gre;starter
zealous,"热心的; 积极的",adjective,"The zealous volunteer arrived before dawn each day, determined to collect more donations than anyone else.",gre;starter
abstemious,"饮食有节制的; 节俭的",adjective,"An abstemious eater, he rarely took more than a small bowl of rice and vegetables, even at lavish banquets.",gre;starter
adulterate,"掺假; 降低质量",verb,"Dishonest merchants would adulterate the honey with cheap syrup, selling a diluted product at the full price.",gre;starter
advocate,"提倡; 拥护",verb,"Health experts advocate regular exercise, arguing that even short daily walks can lower the risk of heart disease.",gre;starter
aggrandize,"扩大; 增强权势",verb,"Critics accused the senator of using the investigation merely to aggrandize himself rather than to uncover the truth.",gre;starter
alleviate,"减轻; 缓解",verb,"The new medication helped alleviate her chronic pain, allowing her to sleep through the night for the first time.",gre;starter
amalgamate,"合并; 融合",verb,"The two struggling schools decided to amalgamate, combining their staff and students into a single stronger institution.",gre;starter
ambiguous,"模糊的; 有歧义的",adjective,"The instructions were so ambiguous that half the students answered one question while the rest answered another.",gre;starter
animosity,"敌意; 怨恨",noun,"Years of bitter competition had created such animosity between the brothers that they refused to share a table.",gre;starter
antithetical,"对立的; 相反的",adjective,"Censorship is antithetical to the free exchange of ideas on which a healthy democracy depends.",gre;starter
apocryphal,"真伪可疑的",adjective,"The famous tale of young Washington and the cherry tree is apocryphal, invented by a biographer after his death.",gre;starter
approbation,"赞许; 认可",noun,"The young pianist's daring performance won the approbation of even the most demanding critics in the hall.",gre;starter
arbitrary,"任意的; 武断的",adjective,"Students complained that the grading was arbitrary, since identical essays received very different marks from different teachers.",gre;starter
ascetic,"禁欲的; 苦行的",adjective,"Renouncing his wealth, the prince adopted an ascetic life of fasting, prayer and sleeping on bare stone floors.",gre;starter
attenuate,"削弱; 变细",verb,"Thick concrete walls attenuate the signal so much that phones lose reception in the basement of the building.",gre;starter
avarice,"贪婪",noun,"Driven by avarice, the landlord raised rents again and again while refusing to repair the crumbling buildings.",gre;starter
belie,"掩饰; 与事实不符",verb,"His cheerful smile belied the deep anxiety he felt as the results of the exam were announced.",gre;starter
benign,"良性的; 仁慈的",adjective,"Doctors were relieved to find that the tumor was benign and posed no threat to the patient's life.",gre;starter
buttress,"支持; 加固",verb,"The lawyer buttressed her argument with dozens of precedents, leaving the opposing counsel little room to respond.",gre;starter
cacophony,"刺耳杂音",noun,"The cacophony of car horns, sirens and shouting vendors made it impossible to hear anything on the busy street.",gre;starter
circumspect,"谨慎的; 周到的",adjective,"Aware that every word would be quoted, the diplomat remained circumspect and avoided commenting on the dispute.",gre;starter
coalesce,"合并; 联合",verb,"Over several months, the scattered protest groups began to coalesce into a single, well-organized national movement.",gre;starter
commensurate,"相称的; 成比例的",adjective,"Workers demanded salaries commensurate with their growing responsibilities, not the same pay they had received as trainees.",gre;starter
complacent,"自满的; 满足现状的",adjective,"After years without a serious accident, the crew grew complacent and stopped following basic safety procedures.",gre;starter
concede,"承认; 让步",verb,"Faced with overwhelming evidence, the candidate finally conceded that his earlier statements had been inaccurate.",gre;starter
construe,"解释; 理解",verb,"Her silence should not be construed as agreement; she simply needed more time to consider the proposal.",gre;starter
contentious,"有争议的; 好争吵的",adjective,"Water rights remain one of the most contentious issues in the region, dividing farmers and cities for decades.",gre;starter
corroborate,"佐证; 证实",verb,"Security footage corroborated the witness's account, confirming that the suspect left the building before midnight.",gre;starter
deference,"尊重; 顺从",noun,"Out of deference to the grieving family, reporters agreed not to photograph the funeral or approach the mourners.",gre;starter
deleterious,"有害的; 造成损害的",adjective,"Prolonged exposure to loud noise can have deleterious effects on hearing, sometimes causing permanent damage.",gre;starter
deride,"嘲笑; 嘲弄",verb,"Critics derided the film as shallow and predictable, though audiences flocked to see it anyway.",gre;starter
didactic,"说教的; 教导性的",adjective,"The children's book was so didactic, pausing on every page to deliver a moral lesson, that young readers lost interest.",gre;starter
diffident,"缺乏自信的; 羞怯的",adjective,"The diffident student rarely spoke in class, even though her written work showed remarkable insight.",gre;starter
disparate,"迥异的; 不同的",adjective,"The new exhibit brings together disparate objects, from ancient pottery to modern sculpture, under a single theme.",gre;starter
dogmatic,"教条的; 武断的",adjective,"A dogmatic thinker, he refused to consider any evidence that contradicted the beliefs he had held since youth.",gre;starter
ebullient,"热情洋溢的; 兴高采烈的",adjective,"The ebullient coach hugged every player and danced on the sidelines after the team's unexpected victory.",gre;starter
eclectic,"兼收并蓄的; 折中的",adjective,"Her eclectic taste in music ranged from medieval chants and jazz to heavy metal and folk songs.",gre;starter
efficacy,"效力; 功效",noun,"Before approving the vaccine, regulators demanded more trials to confirm its efficacy in older patients.",gre;starter
egregious,"极坏的; 惊人的",adjective,"Misspelling the client's name on the contract was an egregious error that nearly cost the firm the account.",gre;starter
enervate,"削弱; 使无力",verb,"The oppressive heat seemed to enervate the hikers, who could barely lift their packs by midafternoon.",gre;starter
ephemeral,"短暂的; 转瞬即逝的",adjective,"Fame on social media is often ephemeral; a video can be everywhere one week and forgotten the next.",gre;starter
equivocal,"模棱两可的; 可疑的",adjective,"The witness gave such equivocal answers that the jury could not tell whether she supported the defendant or not.",gre;starter
erudite,"博学的",adjective,"The erudite professor could quote Greek poetry, explain quantum mechanics and discuss medieval law with equal ease.",gre;starter
esoteric,"深奥的; 小众的",adjective,"The lecture was full of esoteric terminology that only specialists in the field could possibly understand.",gre;starter
exacerbate,"加剧; 恶化",verb,"Scratching an insect bite will only exacerbate the itching and may even cause an infection.",gre;starter
exculpate,"开脱; 证明无罪",verb,"New DNA evidence helped exculpate the prisoner, who had spent fifteen years in jail for a crime he never committed.",gre;starter
exigent,"紧急的; 迫切的",adjective,"The exigent circumstances of the flood forced officials to evacuate the town without waiting for formal approval.",gre;starter
fallacious,"谬误的; 虚假的",adjective,"The argument was fallacious, assuming that because two events happened together, one must have caused the other.",gre;starter
fastidious,"挑剔的; 一丝不苟的",adjective,"A fastidious dresser, he ironed his shirts every morning and would not leave home with a single wrinkle.",gre;starter
fervent,"热烈的; 强烈的",adjective,"A fervent supporter of the local team, she attended every home game for thirty years, even in blizzards.",gre;starter
florid,"华丽的; 过分修饰的",adjective,"The novelist's florid prose, crowded with adjectives and elaborate metaphors, made even simple scenes tiresome to read.",gre;starter
garrulous,"喋喋不休的; 唠叨的",adjective,"The garrulous passenger talked for the entire six-hour flight, leaving his neighbor no chance to sleep.",gre;starter
gregarious,"合群的; 爱社交的",adjective,"Gregarious by nature, he loved crowded parties and quickly befriended almost everyone he met.",gre;starter
hackneyed,"陈腐的; 老套的",adjective,"The speech relied on hackneyed slogans the audience had heard countless times, so few listeners remembered any of it.",gre;starter
iconoclast,"反传统者",noun,"An iconoclast in the art world, she mocked revered traditions and displayed everyday objects as serious sculpture.",gre;starter
impecunious,"贫困的; 缺钱的",adjective,"The impecunious student survived on instant noodles and borrowed textbooks until her scholarship finally arrived.",gre;starter
impetuous,"冲动的; 鲁莽的",adjective,"In an impetuous moment, he quit his job without any savings or plan, a decision he soon regretted.",gre;starter
inchoate,"刚开始的; 未成形的",adjective,"Her ideas for the novel were still inchoate, a collection of vague images that lacked any real plot.",gre;starter
ingenuous,"天真的; 坦率的",adjective,"The ingenuous child innocently repeated every private remark she had overheard, embarrassing her parents at dinner.",gre;starter
inimical,"有害的; 敌对的",adjective,"Constant surveillance is inimical to creativity, since people rarely take risks when they feel watched.",gre;starter
insipid,"乏味的; 平淡的",adjective,"The soup was insipid, so bland and watery that diners reached for the salt before taking a second spoonful.",gre;starter
intrepid,"无畏的; 勇敢的",adjective,"The intrepid explorers crossed the frozen continent on foot, braving storms that would have turned others back.",gre;starter
intransigent,"不妥协的",adjective,"Because both sides remained intransigent, refusing to yield on any point, the negotiations collapsed after a week.",gre;starter
laconic,"简短的; 寡言的",adjective,"Known for his laconic style, the coach answered every reporter's question with a single word or a shrug.",gre;starter
laudable,"值得赞扬的",adjective,"Her goal of providing free tutoring to every child in the district was laudable, though difficult to fund.",gre;starter
loquacious,"健谈的; 多话的",adjective,"The loquacious tour guide filled every silence with anecdotes, jokes and opinions that nobody had asked for.",gre;starter
magnanimous,"宽宏大量的",adjective,"In a magnanimous gesture, the winning candidate praised her opponent and invited him to join her administration.",gre;starter
malleable,"可塑的; 易受影响的",adjective,"Gold is so malleable that a single ounce can be hammered into a sheet covering several square meters.",gre;starter
mendacious,"虚假的; 爱撒谎的",adjective,"The mendacious salesman assured customers that the car had never been in an accident, though he knew otherwise.",gre;starter
mercurial,"善变的; 反复无常的",adjective,"Her mercurial temper meant that colleagues never knew whether she would greet them warmly or snap at them.",gre;starter
meticulous,"极其仔细的; 一丝不苟的",adjective,"The meticulous restorer spent months cleaning the painting, removing centuries of grime one tiny square at a time.",gre;starter
mundane,"平凡的; 世俗的",adjective,"Astronauts say that even life in orbit includes mundane chores like cleaning filters and packing away trash.",gre;starter
nebulous,"模糊的; 不清楚的",adjective,"The candidate's promises were nebulous, full of talk about change but empty of specific policies or numbers.",gre;starter
nonchalant,"冷静的; 漠不关心的",adjective,"Despite the pressure of the final shot, the nonchalant player shrugged, smiled and sank the ball effortlessly.",gre;starter
obsequious,"谄媚的; 奉承的",adjective,"The obsequious waiter bowed repeatedly and praised every dish the wealthy guests ordered, hoping for a large tip.",gre;starter
occlude,"遮挡; 阻塞",verb,"A blood clot can occlude an artery, cutting off the flow of oxygen to the tissues beyond it.",gre;starter
officious,"爱管闲事的; 过分殷勤的",adjective,"An officious clerk insisted on checking every form three times, turning a five-minute errand into an hour-long ordeal.",gre;starter
opprobrium,"责难; 耻辱",noun,"The company faced widespread opprobrium after reports revealed that it had knowingly polluted the town's drinking water.",gre;starter
oscillate,"振荡; 摇摆",verb,"The old fan oscillates slowly from side to side, cooling every corner of the small room in turn.",gre;starter
panacea,"万灵药; 解决一切的办法",noun,"Although some politicians promote tax cuts as a panacea, no single policy can solve every economic problem.",gre;starter
partisan,"党徒; 坚定支持者",noun,"A loyal partisan of the party, he defended every decision its leaders made, however controversial it was.",gre;starter
paucity,"少量; 缺乏",noun,"The paucity of reliable records from that era makes it difficult for historians to reconstruct daily life.",gre;starter
pejorative,"贬义的",adjective,"Originally a neutral description, the word has acquired a pejorative meaning and is now considered an insult.",gre;starter
penchant,"嗜好; 倾向",noun,"She has a penchant for spicy food, ordering the hottest dish on the menu wherever she travels.",gre;starter
penurious,"吝啬的; 贫穷的",adjective,"Although he was a millionaire, the penurious old man reused tea bags and refused to heat his house.",gre;starter
perfidious,"背信弃义的",adjective,"The perfidious general secretly sold his army's battle plans to the enemy in exchange for gold.",gre;starter
pernicious,"有害的; 恶性的",adjective,"Misinformation can have a pernicious influence, slowly eroding public trust in science and in one another.",gre;starter
perspicacious,"有洞察力的",adjective,"A perspicacious investor, she sold her shares months before the bubble burst, while others ignored the warning signs.",gre;starter
pertinent,"相关的; 恰当的",adjective,"The judge allowed only pertinent questions, cutting off any line of inquiry unrelated to the charges.",gre;starter
phlegmatic,"冷静的; 淡定的",adjective,"Even when an engine failed in mid-flight, the phlegmatic pilot calmly followed procedures and landed the plane safely.",gre;starter
pithy,"简练有力的",adjective,"The editor admired the pithy headline, which captured the entire story in just four memorable words.",gre;starter
placid,"平静的; 温和的",adjective,"The placid surface of the lake, untouched by any wind, mirrored the mountains perfectly at dawn.",gre;starter
polemic,"争论文章; 激烈论辩",noun,"Her book was less a balanced study than a fierce polemic against the policies of the government.",gre;starter
prattle,"闲聊; 喋喋不休",verb,"The toddler would prattle happily for hours about dinosaurs, cartoons and anything else that crossed his mind.",gre;starter
precarious,"不稳定的; 危险的",adjective,"Perched on a crumbling ledge, the climbers were in a precarious position, one misstep away from disaster.",gre;starter
prescient,"有先见之明的",adjective,"Her prescient warnings about the housing bubble, ignored at the time, were proved correct when prices collapsed.",gre;starter
probity,"正直; 诚实",noun,"Known for her probity, the judge was trusted by both parties to rule fairly and without bias.",gre;starter
proclivity,"倾向; 癖好",noun,"His proclivity for gambling led him to bet away savings he had spent decades accumulating.",gre;starter
propensity,"倾向; 习性",noun,"Children with a propensity for taking risks often climb trees, jump off walls and test every boundary.",gre;starter
propitious,"有利的; 吉利的",adjective,"With clear skies and calm seas, the morning seemed propitious for launching the small sailboat.",gre;starter
propriety,"得体; 礼节",noun,"Questions about the propriety of accepting expensive gifts from lobbyists forced the official to resign.",gre;starter
pugnacious,"好斗的; 爱争吵的",adjective,"The pugnacious senator seemed to relish every argument, attacking opponents even on issues where they agreed.",gre;starter
qualify,"限定; 使具备资格",verb,"The scientist qualified her bold claim, adding that the results applied only to young, healthy adults.",gre;starter
querulous,"抱怨的; 爱发牢骚的",adjective,"The querulous patient complained about everything, from the temperature of his soup to the color of the walls.",gre;starter
rarefied,"稀薄的; 精英化的",adjective,"The air at the summit is so rarefied that climbers must carry oxygen tanks to breathe comfortably.",gre;starter
rebut,"反驳; 驳斥",verb,"In her closing statement, the defense attorney rebutted each accusation with documents the prosecution had overlooked.",gre;starter
recondite,"深奥的; 鲜为人知的",adjective,"The scholar's recondite study of ancient tax law was praised by specialists but ignored by everyone else.",gre;starter
redress,"补救; 纠正",verb,"The new law aims to redress past injustices by compensating families whose land was unfairly seized.",gre;starter
refute,"驳斥; 证明错误",verb,"The experiment refuted the long-held hypothesis, showing conclusively that the two chemicals did not react.",gre;starter
relegate,"降级; 使处于次要地位",verb,"After the new manager arrived, the veteran player was relegated to the bench and rarely saw the field.",gre;starter
reproach,"责备; 谴责",noun,"His mother's silent look of reproach made him feel guiltier than any lecture could have.",gre;starter
rescind,"废除; 撤销",verb,"After widespread protests, the university agreed to rescind the unpopular rule and restore the old policy.",gre;starter
resilient,"有韧性的; 能恢复的",adjective,"Remarkably resilient, the small town rebuilt every home within two years of the devastating earthquake.",gre;starter
resolute,"坚定的; 果断的",adjective,"Though threatened and offered bribes, the resolute journalist refused to reveal the name of her source.",gre;starter
salubrious,"有益健康的",adjective,"Doctors once sent patients to the mountains, believing the salubrious air would cure diseases of the lungs.",gre;starter
sanguine,"乐观的; 红润的",adjective,"Despite the poor sales figures, the sanguine director insisted that next year would bring record profits.",gre;starter
sardonic,"讽刺的; 嘲弄的",adjective,"When asked about the delayed project, he gave a sardonic laugh and said it might be finished by next century.",gre;starter
scant,"不足的; 稀少的",adjective,"Investigators found scant evidence of wrongdoing, only a few ambiguous emails that proved nothing at all.",gre;starter
sedulous,"勤勉的; 细致的",adjective,"Through sedulous practice, rehearsing scales for hours every day, the young violinist mastered the difficult concerto.",gre;starter
serendipity,"意外发现; 机缘巧合",noun,"Penicillin was discovered through serendipity when a researcher noticed mold killing bacteria in a forgotten dish.",gre;starter
solicitous,"关切的; 挂念的",adjective,"The solicitous host kept refilling our glasses and asking whether the room was warm enough.",gre;starter
soporific,"催眠的; 令人昏昏欲睡的",adjective,"The professor's monotonous voice had a soporific effect, and half the class was dozing within minutes.",gre;starter
specious,"似是而非的",adjective,"The argument sounded convincing at first, but on closer inspection its specious logic fell apart completely.",gre;starter
staid,"古板的; 稳重的",adjective,"The staid old bank, unchanged for a century, surprised everyone by hiring a young designer to modernize its image.",gre;starter
stringent,"严格的; 严厉的",adjective,"Because of stringent safety regulations, every worker must wear a helmet and harness before entering the site.",gre;starter
subtle,"微妙的; 精细的",adjective,"The difference between the two shades of blue was so subtle that most visitors could not see it at all.",gre;starter
superfluous,"多余的; 过剩的",adjective,"The editor cut every superfluous word, shrinking the rambling essay to half its original length.",gre;starter
supplant,"取代; 替换",verb,"Streaming services have largely supplanted video rental stores, which once lined the main streets of every town.",gre;starter
surreptitious,"秘密的; 鬼鬼祟祟的",adjective,"She cast a surreptitious glance at her phone under the desk, hoping the teacher would not notice.",gre;starter
sycophant,"谄媚者",noun,"Surrounded by sycophants who praised every decision, the king never learned how unpopular his policies had become.",gre;starter
tacit,"默示的; 心照不宣的",adjective,"Although nothing was ever written down, the neighbors had a tacit agreement not to park in each other's spaces.",gre;starter
tangential,"离题的; 关系不大的",adjective,"The speaker kept drifting into tangential stories about his childhood that had nothing to do with the topic.",gre;starter
temerity,"鲁莽; 冒失",noun,"The new employee had the temerity to criticize the chief executive's strategy during her very first staff meeting.",gre;starter
temperate,"温和的; 有节制的",adjective,"A temperate man, he never drank more than one glass of wine and avoided extremes in everything.",gre;starter
timorous,"胆怯的",adjective,"The timorous kitten hid under the sofa for days, darting away whenever anyone entered the room.",gre;starter
torpor,"迟钝; 无精打采",noun,"After the enormous holiday meal, a pleasant torpor settled over the family, and no one wanted to move.",gre;starter
transient,"短暂的; 临时的",adjective,"The city's transient population of students and seasonal workers changes almost completely every few years.",gre;starter
trenchant,"尖锐的; 有力的",adjective,"Her trenchant critique exposed the flaws in the proposal so clearly that the board withdrew it the same day.",gre;starter
trivial,"琐碎的; 不重要的",adjective,"Compared with the danger of the flood, losing a few books seemed trivial, hardly worth mentioning.",gre;starter
undermine,"削弱; 破坏",verb,"Repeated broken promises can undermine trust between partners until even honest statements are met with doubt.",gre;starter
unequivocal,"明确的; 毫不含糊的",adjective,"The response was unequivocal: the company would not negotiate with the striking workers under any circumstances.",gre;starter
unwieldy,"笨重的; 难处理的",adjective,"The unwieldy sofa was too large to fit through the doorway, so the movers had to take off its legs.",gre;starter
usurp,"篡夺; 侵占",verb,"The ambitious general attempted to usurp the throne while the young king was abroad negotiating a treaty.",gre;starter
utilitarian,"实用的; 功利的",adjective,"The office was strictly utilitarian, with plain metal desks and bare walls designed for function rather than beauty.",gre;starter
vacant,"空的; 茫然的",adjective,"He stared at the exam paper with a vacant expression, his mind completely blank after a sleepless night.",gre;starter
vapid,"乏味的; 无趣的",adjective,"The talk show's vapid conversations about celebrity gossip offered viewers nothing of substance or interest.",gre;starter
vehement,"强烈的; 激烈的",adjective,"Residents voiced vehement opposition to the new highway, packing the meeting hall and shouting down its supporters.",gre;starter
venal,"贪赃枉法的; 可收买的",adjective,"The venal official approved dangerous building permits for anyone willing to pay him a generous bribe.",gre;starter
veracity,"真实性; 诚实",noun,"Historians questioned the veracity of the diary after discovering that it mentioned events that occurred after the author's death.",gre;starter
vestige,"残余; 遗迹",noun,"The crumbling stone arch is the last vestige of the grand palace that once dominated the valley.",gre;starter
vex,"使烦恼; 困扰",verb,"The persistent leak in the roof continued to vex the homeowners, returning after every repair they tried.",gre;starter
vicissitude,"变迁; 盛衰",noun,"Through the vicissitudes of war, poverty and exile, she never abandoned her dream of becoming a doctor.",gre;starter
vilify,"诽谤; 中伤",verb,"The tabloid tried to vilify the whistleblower, portraying her as a liar and a traitor rather than a hero.",gre;starter
virulent,"恶毒的; 剧毒的",adjective,"A virulent strain of the flu spread quickly through the city, filling its hospitals within a few weeks.",gre;starter
viscous,"黏稠的",adjective,"The syrup was so viscous that it took several minutes to drip slowly from the overturned bottle.",gre;starter
vituperative,"辱骂的; 责骂的",adjective,"The candidate's vituperative attacks, full of insults and name-calling, alienated voters who wanted a serious debate.",gre;starter
vociferous,"大声疾呼的; 喧嚷的",adjective,"The vociferous protesters chanted and shouted outside the courthouse until long after the verdict was read.",gre;starter
wan,"苍白的; 无力的",adjective,"Pale and weak after weeks in the hospital, she managed only a wan smile when her friends visited.",gre;starter
whimsical,"异想天开的; 反复无常的",adjective,"The whimsical garden featured teapots used as flowerpots, a bicycle covered in ivy and a gnome riding a snail.",gre;starter
zealot,"狂热者",noun,"A religious zealot, he denounced anyone who questioned even minor points of doctrine as a dangerous heretic.",gre;starter
